motor_id,area,criticality,condition_score,condition_state,detected_condition,temperature_c,temperature_rise_c,vibration_rms_mm_s,current_pct_rated,current_unbalance_pct,load_pct
MTR-030,Utilities,Medium,2.0598031809931223,Healthy,Normal,61.61,32.129999999999995,1.694,58.19,0.434,57.38
MTR-022,Conveyors,Medium,1.9487492218404507,Healthy,Normal,38.89,10.61,0.074,0.0,0.0,0.0
MTR-017,Conveyors,High,1.7724143066481874,Healthy,Normal,58.66,33.47,1.769,80.05,0.474,80.24
MTR-007,Conveyors,Medium,1.6910506489783297,Healthy,Normal,33.39,10.150000000000002,1.123,61.23,1.042,61.75
MTR-013,Pumps,Medium,1.6400021886724259,Healthy,Normal,58.76,33.31,1.411,45.77,0.538,43.53
MTR-024,Finishing,Low,1.5496507587028248,Healthy,Normal,77.22,52.51,1.429,86.77,0.683,86.32
MTR-006,Cooling Table,Medium,1.5266148931969001,Healthy,Normal,50.44,26.49,1.544,76.66,0.458,76.72
MTR-004,Finishing,Medium,1.4541542028518917,Healthy,Normal,65.3,38.28999999999999,1.475,71.97,0.96,71.5
MTR-019,Finishing,High,1.398836826486864,Healthy,Normal,38.8,18.369999999999997,1.485,63.65,0.651,62.83
MTR-020,Utilities,Medium,1.1531407654122232,Healthy,Normal,78.43,54.370000000000005,1.299,57.67,0.319,56.11
MTR-021,Cooling Table,Medium,1.0808823154432332,Healthy,Normal,30.77,9.280000000000001,1.395,78.83,0.531,78.46
MTR-005,Utilities,High,1.0544063024045656,Healthy,Normal,58.05,33.129999999999995,1.294,49.64,0.341,47.62
MTR-015,Utilities,Medium,0.8995432993187283,Healthy,Normal,36.15,11.509999999999998,1.269,69.02,0.243,69.03
MTR-023,Pumps,Medium,0.7801385177955149,Healthy,Normal,45.38,18.94,1.08,55.28,0.192,54.15
MTR-011,Cooling Table,Medium,0.6974526546050324,Healthy,Normal,39.26,15.009999999999998,1.582,80.83,0.314,80.36
MTR-027,Conveyors,High,0.6473335738845207,Healthy,Normal,46.42,17.790000000000003,1.349,72.29,0.987,72.15
MTR-014,Finishing,Medium,0.6460708365098172,Healthy,Normal,38.84,18.810000000000002,1.507,79.93,0.474,79.64
MTR-025,Utilities,Low,0.619305421393772,Healthy,Normal,44.69,19.369999999999997,1.715,58.3,0.517,56.69
MTR-002,Conveyors,Medium,0.5420533967287842,Healthy,Normal,37.62,11.219999999999999,0.143,0.0,0.0,0.0
MTR-029,Finishing,Medium,0.5069880068523108,Healthy,Normal,52.86,30.99,1.68,85.1,0.591,85.15
MTR-026,Cooling Table,Low,0.3683496073262734,Healthy,Normal,62.8,40.76,1.216,55.99,0.707,54.39
MTR-001,Cooling Table,Medium,0.344583553400773,Healthy,Normal,33.45,9.410000000000004,1.367,91.44,0.297,90.69
MTR-012,Conveyors,Low,0.22116297719755876,Healthy,Normal,31.1,7.830000000000002,1.387,47.53,0.154,45.38
MTR-008,Pumps,Medium,0.12170089117170006,Healthy,Normal,39.17,13.860000000000003,1.165,60.86,0.178,60.55
MTR-010,Utilities,High,0.10157839040443513,Healthy,Normal,45.25,22.52,1.505,60.87,0.146,59.85
MTR-028,Pumps,Medium,0.0,Healthy,Normal,47.22,22.31,1.401,60.41,0.21,60.2
MTR-009,Finishing,Medium,0.0,Healthy,Normal,53.13,30.300000000000004,1.349,71.02,0.281,70.7
MTR-003,Pumps,High,0.0,Healthy,Normal,42.9,14.07,1.44,77.31,0.256,78.04
MTR-018,Pumps,Medium,0.0,Healthy,Normal,66.81,37.67,1.442,56.55,0.491,55.38
MTR-016,Cooling Table,High,0.0,Healthy,Normal,44.48,24.269999999999996,1.468,94.3,1.067,93.91
