motor_id,area,criticality,rated_kw,rated_voltage_v,frequency_hz,poles,synchronous_speed_rpm,efficiency_nominal,power_factor_nominal,full_load_slip,installation_year
MTR-001,Cooling Table,Medium,7.5,460.0,60.0,4,1800.0,0.925,0.893,0.0122,2022
MTR-002,Conveyors,Medium,11.0,460.0,60.0,4,1800.0,0.9325,0.876,0.0177,2024
MTR-003,Pumps,High,7.5,460.0,60.0,4,1800.0,0.9014,0.848,0.0247,2024
MTR-004,Finishing,Medium,55.0,460.0,60.0,4,1800.0,0.9326,0.856,0.0178,2019
MTR-005,Utilities,High,37.0,460.0,60.0,4,1800.0,0.9123,0.868,0.0264,2023
MTR-006,Cooling Table,Medium,15.0,460.0,60.0,4,1800.0,0.8972,0.85,0.0295,2023
MTR-007,Conveyors,Medium,7.5,460.0,60.0,4,1800.0,0.903,0.844,0.0263,2021
MTR-008,Pumps,Medium,18.5,460.0,60.0,4,1800.0,0.9132,0.882,0.0205,2021
MTR-009,Finishing,Medium,37.0,460.0,60.0,4,1800.0,0.9196,0.876,0.0253,2017
MTR-010,Utilities,High,18.5,460.0,60.0,4,1800.0,0.8919,0.847,0.0285,2024
MTR-011,Cooling Table,Medium,11.0,460.0,60.0,4,1800.0,0.9187,0.868,0.019,2020
MTR-012,Conveyors,Low,7.5,460.0,60.0,4,1800.0,0.9136,0.868,0.0288,2021
MTR-013,Pumps,Medium,55.0,460.0,60.0,4,1800.0,0.9227,0.852,0.0146,2021
MTR-014,Finishing,Medium,11.0,460.0,60.0,4,1800.0,0.9154,0.832,0.0199,2021
MTR-015,Utilities,Medium,15.0,460.0,60.0,4,1800.0,0.9089,0.92,0.0227,2016
MTR-016,Cooling Table,High,15.0,460.0,60.0,4,1800.0,0.8919,0.893,0.0239,2023
MTR-017,Conveyors,High,55.0,460.0,60.0,4,1800.0,0.9416,0.866,0.0214,2024
MTR-018,Pumps,Medium,37.0,460.0,60.0,4,1800.0,0.8855,0.812,0.0303,2022
MTR-019,Finishing,High,15.0,460.0,60.0,4,1800.0,0.9021,0.86,0.0212,2018
MTR-020,Utilities,Medium,55.0,460.0,60.0,4,1800.0,0.8924,0.848,0.0266,2022
MTR-021,Cooling Table,Medium,11.0,460.0,60.0,4,1800.0,0.9367,0.855,0.0185,2020
MTR-022,Conveyors,Medium,7.5,460.0,60.0,4,1800.0,0.8929,0.85,0.0147,2024
MTR-023,Pumps,Medium,18.5,460.0,60.0,4,1800.0,0.8994,0.829,0.0215,2020
MTR-024,Finishing,Low,55.0,460.0,60.0,4,1800.0,0.9026,0.872,0.0306,2016
MTR-025,Utilities,Low,22.0,460.0,60.0,4,1800.0,0.9047,0.868,0.0192,2017
MTR-026,Cooling Table,Low,45.0,460.0,60.0,4,1800.0,0.9081,0.92,0.0299,2023
MTR-027,Conveyors,High,7.5,460.0,60.0,4,1800.0,0.8751,0.892,0.0243,2016
MTR-028,Pumps,Medium,45.0,460.0,60.0,4,1800.0,0.9394,0.77,0.0208,2020
MTR-029,Finishing,Medium,18.5,460.0,60.0,4,1800.0,0.9034,0.858,0.0167,2019
MTR-030,Utilities,Medium,55.0,460.0,60.0,4,1800.0,0.9266,0.85,0.0223,2023
